id	title	price	original_price	available_quantity	thumbnail	created_date
MLC1480018259	Prensa350ml+CaféMolidoBuffaloSoldier227g+Spoonclip	19490.0	34970.0	250	http://http2.mlstatic.com/D_699320-MLU75595791737_042024-I.jpg	20241126
MLC1775688454	GomitasFrugeléAmbrosoliBolsa430G	2590.0		500	http://http2.mlstatic.com/D_634179-MLC50409466910_062022-I.jpg	20241126
MLC1691005418	CerealPillowsChocolateColaCao720g	3892.0	5190.0	500	http://http2.mlstatic.com/D_839109-MLU75357935077_032024-I.jpg	20241126
MLC1408984284	LoncolecheBlancaEntera1Litro	1000.0	1120.0	500	http://http2.mlstatic.com/D_948105-MLU72542114132_112023-I.jpg	20241126
MLC2448844280	ChocolateBombónGoplanaPistacho1kg	19990.0	26690.0	100	http://http2.mlstatic.com/D_788307-MLU75098775584_032024-I.jpg	20241126
MLC2071343454	CaféPiazzaCremaVellutataEnGrano1Kg.Onlynaturalstore	16440.0	17490.0	1	http://http2.mlstatic.com/D_807287-MLU72530215163_102023-I.jpg	20241126
MLC2638551546	RedBullBebidaEnergéticaPack16LatasTropical250ml	19680.0	27520.0	250	http://http2.mlstatic.com/D_883840-MLU78161780143_082024-I.jpg	20241126
MLC2574339848	DulcesSunyDeAmbrosoliCalugaSaborManjarBolsa360g	2097.0		250	http://http2.mlstatic.com/D_816941-MLU72560057284_112023-I.jpg	20241126
MLC2230033196	AzúcarBlancaIansaGranulada1Kg	1390.0	1490.0	500	http://http2.mlstatic.com/D_790488-MLU73782442548_012024-I.jpg	20241126
MLC1357558713	CarozziPastaSpaghetti5400Gr	780.0	1050.0	500	http://http2.mlstatic.com/D_761972-MLU77758510400_072024-I.jpg	20241126
MLC1483662607	CaféInstantáneoNescaféTradiciónLata400G	9305.0		250	http://http2.mlstatic.com/D_808644-MLU72628063394_112023-I.jpg	20241126
MLC1983567948	Pack24-VivoNéctarManzana190Ml	7540.0	9520.0	50	http://http2.mlstatic.com/D_937232-MLU72835305439_112023-I.jpg	20241126
MLC1608898126	BombónChocolateFerreroRocher24Unid300g	15742.0	20990.0	100	http://http2.mlstatic.com/D_633768-MLU72628189306_112023-I.jpg	20241126
MLC1255308920	CaféNescafé®FinaSelecciónFrasco200g	8010.0	9890.0	500	http://http2.mlstatic.com/D_678504-MLC49171016348_022022-I.jpg	20241126
MLC1434730922	PiñataDeCumpleañosFruna(bolsaDeDulcesVariada)	7992.0	9990.0	1	http://http2.mlstatic.com/D_862719-MLC52573468493_112022-I.jpg	20241126
MLC1245558924	LecheSemidescremadaLoncolecheSinTapa1L	1000.0	1120.0	150	http://http2.mlstatic.com/D_682349-MLC50308843887_062022-I.jpg	20241126
MLC2445016014	LecheEnPolvoNidoBuenDíaBolsa700G	4857.0		100	http://http2.mlstatic.com/D_921628-MLA80291472961_102024-I.jpg	20241126
MLC2220236640	LecheCondensadaNestlé®Lata397g	1631.0	2039.0	500	http://http2.mlstatic.com/D_725366-MLU75379946317_032024-I.jpg	20241126
MLC1250068877	CaféNescafé®DolceGusto®LungoX3Cajas	18781.0	22170.0	1	http://http2.mlstatic.com/D_639048-MLU72700298097_112023-I.jpg	20241126
MLC1285903240	MayonesaKraftFrasco789g	5939.0		250	http://http2.mlstatic.com/D_953198-MLC50080404380_052022-I.jpg	20241126
MLC1480653235	JugoDeSurtidoAmaTimeOrganicalíquidoPackX24	17990.0		500	http://http2.mlstatic.com/D_641844-MLU75754180278_042024-I.jpg	20241126
MLC1213107172	AmbrosoliCarameloMiniturron300Gr	1560.0	1950.0	500	http://http2.mlstatic.com/D_630581-MLU74423757136_022024-I.jpg	20241126
MLC2676126426	AceiteDeCocoOrgánico1Lt-Manare	12449.0		200	http://http2.mlstatic.com/D_781068-MLU72756432488_112023-I.jpg	20241126
MLC1233246852	MontBlancHarinaSinPolvo1Kg	1060.0	1303.0	500	http://http2.mlstatic.com/D_751747-MLC50714321723_072022-I.jpg	20241126
MLC2150562098	CacaoAmargoPolvoEdra150g	1499.0		500	http://http2.mlstatic.com/D_765373-MLU74087540047_012024-I.jpg	20241126
MLC1362340239	LecheEnteraNaturalColunSinTapa1L	1280.0		500	http://http2.mlstatic.com/D_896098-MLU74996448049_032024-I.jpg	20241126
MLC1549481693	CaféLavazzaExpertGustoForteGranoEntero1kg	20990.0		1	http://http2.mlstatic.com/D_763886-MLU78796791141_082024-I.jpg	20241126
MLC1250107930	CaféNescafé®DolceGusto®LatteMacchiatoVanillaX3Cajas	18401.0	22170.0	200	http://http2.mlstatic.com/D_637966-MLA52869658199_122022-I.jpg	20241126
MLC1233253323	AmbrosoliCarameloToffeeSurtido450Gr	2240.0	2800.0	250	http://http2.mlstatic.com/D_772458-MLC49303603308_032022-I.jpg	20241126
MLC1482655167	50CápsulasCafeRealCoffeeCompatibleNespresso	22990.0		1	http://http2.mlstatic.com/D_777373-MLU75990202092_052024-I.jpg	20241126
MLC2367407428	LicorJagermeister700cc	11490.0	14990.0	100	http://http2.mlstatic.com/D_942293-MLU74448865079_022024-I.jpg	20241126
MLC1233193906	ManjarNestléBolsa1Kg	3749.0	4999.0	500	http://http2.mlstatic.com/D_636413-MLU72627479056_112023-I.jpg	20241126
MLC1432148539	BombonesDeChocolateCarezza1kg.	13900.0		500	http://http2.mlstatic.com/D_747103-MLC50741422065_072022-I.jpg	20241126
MLC1519311643	VinagreDeManzanaOrgánico1000ml	7790.0		100	http://http2.mlstatic.com/D_611682-MLU74872014798_032024-I.jpg	20241126
MLC1499169685	TéEnglishBreakfastTwiningsCajaX100g(50Bolsitas)	6020.0		250	http://http2.mlstatic.com/D_847699-MLU75130037075_032024-I.jpg	20241126
MLC2012147100	WhiskyJohnnieWalkerRedLabel750ml	9690.0	12990.0	500	http://http2.mlstatic.com/D_969792-MLU75209984424_032024-I.jpg	20241126
MLC1508937851	CostaBizcochoChocman8UndX33Grs	2090.0		250	http://http2.mlstatic.com/D_808283-MLU72637351609_112023-I.jpg	20241126
MLC1281339287	CaféNescafé®FinaSelecciónEspressoFrasco100g	6632.0	8290.0	250	http://http2.mlstatic.com/D_722565-MLA80300678415_102024-I.jpg	20241126
MLC1433773146	YerbaMateCanariasTradicional1Kg	10990.0		150	http://http2.mlstatic.com/D_639518-MLU72637444323_112023-I.jpg	20241126
MLC2670277240	AceiteDeOlivaExtraVirgen500mlOlivaz	4500.0		500	http://http2.mlstatic.com/D_639055-MLU76922589771_062024-I.jpg	20241126
MLC1245552881	LecheDescremadaLoncolecheSinTapa1L	1000.0	1120.0	250	http://http2.mlstatic.com/D_914274-MLC50308848085_062022-I.jpg	20241126
MLC1403399259	ChocolateLolyChoc24Paletas	3110.0		200	http://http2.mlstatic.com/D_814269-MLC51250715270_082022-I.jpg	20241126
MLC2713208938	MalvaChocDeAmbrosoli-ConChocolate(bolsaCon196g)	2530.0		100	http://http2.mlstatic.com/D_750481-MLU78065160062_082024-I.jpg	20241126
MLC2426736032	AtúnLomitoSanJoséEnAgua160G	1370.0		500	http://http2.mlstatic.com/D_819990-MLU79077201694_092024-I.jpg	20241126
MLC1519273159	VinagreDeManzanaOrgánico500ManareConMadreSinGluten	4472.0		250	http://http2.mlstatic.com/D_827554-MLU75929033768_042024-I.jpg	20241126
MLC1217447905	LecheSemidescremadaColunSinTapa1L	1280.0		500	http://http2.mlstatic.com/D_926299-MLU72613040741_112023-I.jpg	20241126
MLC1257050545	ChocolateNescaféDolceGusto®ChococinoCápsulasX3Cajas	17982.0	22170.0	50	http://http2.mlstatic.com/D_907084-MLU71000754048_082023-I.jpg	20241126
MLC1268241529	CarozziPastaTallarin87400Gr	780.0	1050.0	500	http://http2.mlstatic.com/D_780746-MLC49567519188_042022-I.jpg	20241126
MLC2616679236	DeRossettiAceiteDeOlivaExtraVirgem5Litros	33900.0		50	http://http2.mlstatic.com/D_937071-MLU74192177793_012024-I.jpg	20241126
MLC1408797622	MasticableKegolSurtidoArcor153Gr.	1310.0		200	http://http2.mlstatic.com/D_752092-MLC48654643428_122021-I.jpg	20241126
